Reactions,Reaction_partners,CMPD_SMILES,BiGG Name,DB Name,Cleaned Substrate,Single_gene,GPR_rules,SEQ,kcat_x,Unnamed: 0,kcat_y,pred_value_0,pred_value_1,pred_value_2,pred_value_3,pred_value_4,kcat_mean,kcat_std,kcat_cv,kcat_min,kcat_max
TKT1_reverse,s7p_c,O=C(CO)[C@@H](O)[C@H](O)[C@H](O)[C@H](O)COP(=O)([O-])[O-],Sedoheptulose 7-phosphate,Sedoheptulose7-phosphate,s7p,b2935,b2935 or b2465,MSSRKELANAIRALSMDAVQKAKSGHPGAPMGMADIAEVLWRDFLKHNPQNPSWADRDRFVLSNGHGSMLIYSLLHLTGYDLPMEELKNFRQLHSKTPGHPEVGYTAGVETTTGPLGQGIANAVGMAIAEKTLAAQFNRPGHDIVDHYTYAFMGDGCMMEGISHEVCSLAGTLKLGKLIAFYDDNGISIDGHVEGWFTDDTAMRFEAYGWHVIRDIDGHDAASIKRAVEEARAVTDKPSLLMCKTIIGFGSPNKAGTHDSHGAPLGDAEIALTREQLGWKYAPFEIPSEIYAQWDAKEAGQAKESAWNEKFAAYAKAYPQEAAEFTRRMKGEMPSDFDAKAKEFIAKLQANPAKIASRKASQNAIEAFGPLLPEFLGGSADLAPSNLTLWSGSKAINEDAAGNYIHYGVREFGMTAIANGISLHGGFLPYTSTFLMFVEYARNAVRMAALMKQRQVMVYTHDSIGLGEDGPTHQPVEQVASLRVTPNMSTWRPCDQVESAVAWKYGVERQDGPTALILSRQNLAQQERTEEQLANIARGGYVLKDCAGQPELIFIATGSEVELAVAAYEKLTAEGVKARVVSMPSTDAFDKQDAAYRESVLPKAVTARVAVEAGIADYWYKYVGLNGAIVGMTTFGESAPAELLFEEFGFTVDNVVAKAKELL,0.6683614875802589,558.0,0.431546294,27535.77502171233,9523.62810593708,4833.455911215651,10873.100151380708,13596.848498090449,13272.561537667241,8581.591366383878,64.65663272330295,4833.455911215651,27535.77502171233
TKT2,xu5p__D_c,O=C(CO)[C@@H](O)[C@H](O)COP(=O)([O-])[O-],D-Xylulose 5-phosphate,D-xylulose 5-phosphate,xu5p  D,b2935,b2935 or b2465,MSSRKELANAIRALSMDAVQKAKSGHPGAPMGMADIAEVLWRDFLKHNPQNPSWADRDRFVLSNGHGSMLIYSLLHLTGYDLPMEELKNFRQLHSKTPGHPEVGYTAGVETTTGPLGQGIANAVGMAIAEKTLAAQFNRPGHDIVDHYTYAFMGDGCMMEGISHEVCSLAGTLKLGKLIAFYDDNGISIDGHVEGWFTDDTAMRFEAYGWHVIRDIDGHDAASIKRAVEEARAVTDKPSLLMCKTIIGFGSPNKAGTHDSHGAPLGDAEIALTREQLGWKYAPFEIPSEIYAQWDAKEAGQAKESAWNEKFAAYAKAYPQEAAEFTRRMKGEMPSDFDAKAKEFIAKLQANPAKIASRKASQNAIEAFGPLLPEFLGGSADLAPSNLTLWSGSKAINEDAAGNYIHYGVREFGMTAIANGISLHGGFLPYTSTFLMFVEYARNAVRMAALMKQRQVMVYTHDSIGLGEDGPTHQPVEQVASLRVTPNMSTWRPCDQVESAVAWKYGVERQDGPTALILSRQNLAQQERTEEQLANIARGGYVLKDCAGQPELIFIATGSEVELAVAAYEKLTAEGVKARVVSMPSTDAFDKQDAAYRESVLPKAVTARVAVEAGIADYWYKYVGLNGAIVGMTTFGESAPAELLFEEFGFTVDNVVAKAKELL,0.318799762891223,220.0,0.831380369,27474.39590574376,6360.690890529817,3437.4933555077887,7364.620193562426,10123.96575186168,10952.233219441096,9540.603102460676,87.11102942480568,3437.4933555077887,27474.39590574376
TKT1,xu5p__D_c,O=C(CO)[C@@H](O)[C@H](O)COP(=O)([O-])[O-],D-Xylulose 5-phosphate,D-xylulose 5-phosphate,xu5p  D,b2935,b2935 or b2465,MSSRKELANAIRALSMDAVQKAKSGHPGAPMGMADIAEVLWRDFLKHNPQNPSWADRDRFVLSNGHGSMLIYSLLHLTGYDLPMEELKNFRQLHSKTPGHPEVGYTAGVETTTGPLGQGIANAVGMAIAEKTLAAQFNRPGHDIVDHYTYAFMGDGCMMEGISHEVCSLAGTLKLGKLIAFYDDNGISIDGHVEGWFTDDTAMRFEAYGWHVIRDIDGHDAASIKRAVEEARAVTDKPSLLMCKTIIGFGSPNKAGTHDSHGAPLGDAEIALTREQLGWKYAPFEIPSEIYAQWDAKEAGQAKESAWNEKFAAYAKAYPQEAAEFTRRMKGEMPSDFDAKAKEFIAKLQANPAKIASRKASQNAIEAFGPLLPEFLGGSADLAPSNLTLWSGSKAINEDAAGNYIHYGVREFGMTAIANGISLHGGFLPYTSTFLMFVEYARNAVRMAALMKQRQVMVYTHDSIGLGEDGPTHQPVEQVASLRVTPNMSTWRPCDQVESAVAWKYGVERQDGPTALILSRQNLAQQERTEEQLANIARGGYVLKDCAGQPELIFIATGSEVELAVAAYEKLTAEGVKARVVSMPSTDAFDKQDAAYRESVLPKAVTARVAVEAGIADYWYKYVGLNGAIVGMTTFGESAPAELLFEEFGFTVDNVVAKAKELL,0.584191759179007,224.0,0.838336225,27474.39590574376,6360.690890529817,3437.4933555077887,7364.620193562426,10123.96575186168,10952.233219441096,9540.603102460676,87.11102942480568,3437.4933555077887,27474.39590574376
TKT2,xu5p__D_c,O=C(CO)[C@@H](O)[C@H](O)COP(=O)([O-])[O-],D-Xylulose 5-phosphate,D-xylulose 5-phosphate,xu5p  D,b2935,b2935 or b2465,MSSRKELANAIRALSMDAVQKAKSGHPGAPMGMADIAEVLWRDFLKHNPQNPSWADRDRFVLSNGHGSMLIYSLLHLTGYDLPMEELKNFRQLHSKTPGHPEVGYTAGVETTTGPLGQGIANAVGMAIAEKTLAAQFNRPGHDIVDHYTYAFMGDGCMMEGISHEVCSLAGTLKLGKLIAFYDDNGISIDGHVEGWFTDDTAMRFEAYGWHVIRDIDGHDAASIKRAVEEARAVTDKPSLLMCKTIIGFGSPNKAGTHDSHGAPLGDAEIALTREQLGWKYAPFEIPSEIYAQWDAKEAGQAKESAWNEKFAAYAKAYPQEAAEFTRRMKGEMPSDFDAKAKEFIAKLQANPAKIASRKASQNAIEAFGPLLPEFLGGSADLAPSNLTLWSGSKAINEDAAGNYIHYGVREFGMTAIANGISLHGGFLPYTSTFLMFVEYARNAVRMAALMKQRQVMVYTHDSIGLGEDGPTHQPVEQVASLRVTPNMSTWRPCDQVESAVAWKYGVERQDGPTALILSRQNLAQQERTEEQLANIARGGYVLKDCAGQPELIFIATGSEVELAVAAYEKLTAEGVKARVVSMPSTDAFDKQDAAYRESVLPKAVTARVAVEAGIADYWYKYVGLNGAIVGMTTFGESAPAELLFEEFGFTVDNVVAKAKELL,0.318799762891223,224.0,0.838336225,27474.39590574376,6360.690890529817,3437.4933555077887,7364.620193562426,10123.96575186168,10952.233219441096,9540.603102460676,87.11102942480568,3437.4933555077887,27474.39590574376
TKT1,xu5p__D_c,O=C(CO)[C@@H](O)[C@H](O)COP(=O)([O-])[O-],D-Xylulose 5-phosphate,D-xylulose 5-phosphate,xu5p  D,b2935,b2935 or b2465,MSSRKELANAIRALSMDAVQKAKSGHPGAPMGMADIAEVLWRDFLKHNPQNPSWADRDRFVLSNGHGSMLIYSLLHLTGYDLPMEELKNFRQLHSKTPGHPEVGYTAGVETTTGPLGQGIANAVGMAIAEKTLAAQFNRPGHDIVDHYTYAFMGDGCMMEGISHEVCSLAGTLKLGKLIAFYDDNGISIDGHVEGWFTDDTAMRFEAYGWHVIRDIDGHDAASIKRAVEEARAVTDKPSLLMCKTIIGFGSPNKAGTHDSHGAPLGDAEIALTREQLGWKYAPFEIPSEIYAQWDAKEAGQAKESAWNEKFAAYAKAYPQEAAEFTRRMKGEMPSDFDAKAKEFIAKLQANPAKIASRKASQNAIEAFGPLLPEFLGGSADLAPSNLTLWSGSKAINEDAAGNYIHYGVREFGMTAIANGISLHGGFLPYTSTFLMFVEYARNAVRMAALMKQRQVMVYTHDSIGLGEDGPTHQPVEQVASLRVTPNMSTWRPCDQVESAVAWKYGVERQDGPTALILSRQNLAQQERTEEQLANIARGGYVLKDCAGQPELIFIATGSEVELAVAAYEKLTAEGVKARVVSMPSTDAFDKQDAAYRESVLPKAVTARVAVEAGIADYWYKYVGLNGAIVGMTTFGESAPAELLFEEFGFTVDNVVAKAKELL,0.584191759179007,220.0,0.831380369,27474.39590574376,6360.690890529817,3437.4933555077887,7364.620193562426,10123.96575186168,10952.233219441096,9540.603102460676,87.11102942480568,3437.4933555077887,27474.39590574376
TKT1_reverse,s7p_c,O=C(CO)[C@@H](O)[C@H](O)[C@H](O)[C@H](O)COP(=O)([O-])[O-],Sedoheptulose 7-phosphate,Sedoheptulose7-phosphate,s7p,b2465,b2935 or b2465,MSRKDLANAIRALSMDAVQKANSGHPGAPMGMADIAEVLWNDFLKHNPTDPTWYDRDRFILSNGHASMLLYSLLHLTGYDLPLEELKNFRQLHSKTPGHPEIGYTPGVETTTGPLGQGLANAVGLAIAERTLAAQFNQPDHEIVDHFTYVFMGDGCLMEGISHEVCSLAGTLGLGKLIGFYDHNGISIDGETEGWFTDDTAKRFEAYHWHVIHEIDGHDPQAVKEAILEAQSVKDKPSLIICRTVIGFGSPNKAGKEEAHGAPLGEEEVALARQKLGWHHPPFEIPKEIYHAWDAREKGEKAQQSWNEKFAAYKKAHPQLAEEFTRRMSGGLPKDWEKTTQKYINELQANPAKIATRKASQNTLNAYGPMLPELLGGSADLAPSNLTIWKGSVSLKEDPAGNYIHYGVREFGMTAIANGIAHHGGFVPYTATFLMFVEYARNAARMAALMKARQIMVYTHDSIGLGEDGPTHQAVEQLASLRLTPNFSTWRPCDQVEAAVGWKLAVERHNGPTALILSRQNLAQVERTPDQVKEIARGGYVLKDSGGKPDIILIATGSEMEITLQAAEKLAGEGRNVRVVSLPSTDIFDAQDEEYRESVLPSNVAARVAVEAGIADYWYKYVGLKGAIVGMTGYGESAPADKLFPFFGFTAENIVAKAHKVLGVKGA,0.48654963822353925,559.0,0.434380616,2216.4917207745707,708.7732658066531,34701.97187395987,947.4908102044164,11.001100324267991,7717.145754213954,15106.027058201009,195.7462971326199,11.001100324267991,34701.97187395987
TPI_reverse,g3p_c,O=CC(O)COP(=O)([O-])[O-],Glyceraldehyde 3-phosphate,DL-Glyceraldehyde 3-phosphate,g3p,b3919,b3919,MRHPLVMGNWKLNGSRHMVHELVSNLRKELAGVAGCAVAIAPPEMYIDMAKREAEGSHIMLGAQNVDLNLSGAFTGETSAAMLKDIGAQYIIIGHSERRTYHKESDELIAKKFAVLKEQGLTPVLCIGETEAENEAGKTEEVCARQIDAVLKTQGAAAFEGAVIAYEPVWAIGTGKSATPAQAQAVHKFIRDHIAKVDANIAEQVIIQYGGSVNASNAAELFAQPDIDGALVGGASLKADAFAVIVKAAEAAKQA,0.03737140057455868,564.0,0.136509713,12087.518196653724,1571.3861007252572,1897.9561618912803,10634.470394034664,3478.2024107030297,5933.906652801592,5032.722915456745,84.81297751929804,1571.3861007252572,12087.518196653724
TKT2,xu5p__D_c,O=C(CO)[C@@H](O)[C@H](O)COP(=O)([O-])[O-],D-Xylulose 5-phosphate,D-xylulose 5-phosphate,xu5p  D,b2465,b2935 or b2465,MSRKDLANAIRALSMDAVQKANSGHPGAPMGMADIAEVLWNDFLKHNPTDPTWYDRDRFILSNGHASMLLYSLLHLTGYDLPLEELKNFRQLHSKTPGHPEIGYTPGVETTTGPLGQGLANAVGLAIAERTLAAQFNQPDHEIVDHFTYVFMGDGCLMEGISHEVCSLAGTLGLGKLIGFYDHNGISIDGETEGWFTDDTAKRFEAYHWHVIHEIDGHDPQAVKEAILEAQSVKDKPSLIICRTVIGFGSPNKAGKEEAHGAPLGEEEVALARQKLGWHHPPFEIPKEIYHAWDAREKGEKAQQSWNEKFAAYKKAHPQLAEEFTRRMSGGLPKDWEKTTQKYINELQANPAKIATRKASQNTLNAYGPMLPELLGGSADLAPSNLTIWKGSVSLKEDPAGNYIHYGVREFGMTAIANGIAHHGGFVPYTATFLMFVEYARNAARMAALMKARQIMVYTHDSIGLGEDGPTHQAVEQLASLRLTPNFSTWRPCDQVEAAVGWKLAVERHNGPTALILSRQNLAQVERTPDQVKEIARGGYVLKDSGGKPDIILIATGSEMEITLQAAEKLAGEGRNVRVVSLPSTDIFDAQDEEYRESVLPSNVAARVAVEAGIADYWYKYVGLKGAIVGMTGYGESAPADKLFPFFGFTAENIVAKAHKVLGVKGA,0.17093624547582986,225.0,0.186088268,2697.719009581644,592.2643752388974,23778.052690552056,513.5309506399313,10.140086652802095,5518.341422533066,10259.478681686343,185.9159826500363,10.140086652802095,23778.052690552056
TKT2,xu5p__D_c,O=C(CO)[C@@H](O)[C@H](O)COP(=O)([O-])[O-],D-Xylulose 5-phosphate,D-xylulose 5-phosphate,xu5p  D,b2465,b2935 or b2465,MSRKDLANAIRALSMDAVQKANSGHPGAPMGMADIAEVLWNDFLKHNPTDPTWYDRDRFILSNGHASMLLYSLLHLTGYDLPLEELKNFRQLHSKTPGHPEIGYTPGVETTTGPLGQGLANAVGLAIAERTLAAQFNQPDHEIVDHFTYVFMGDGCLMEGISHEVCSLAGTLGLGKLIGFYDHNGISIDGETEGWFTDDTAKRFEAYHWHVIHEIDGHDPQAVKEAILEAQSVKDKPSLIICRTVIGFGSPNKAGKEEAHGAPLGEEEVALARQKLGWHHPPFEIPKEIYHAWDAREKGEKAQQSWNEKFAAYKKAHPQLAEEFTRRMSGGLPKDWEKTTQKYINELQANPAKIATRKASQNTLNAYGPMLPELLGGSADLAPSNLTIWKGSVSLKEDPAGNYIHYGVREFGMTAIANGIAHHGGFVPYTATFLMFVEYARNAARMAALMKARQIMVYTHDSIGLGEDGPTHQAVEQLASLRLTPNFSTWRPCDQVEAAVGWKLAVERHNGPTALILSRQNLAQVERTPDQVKEIARGGYVLKDSGGKPDIILIATGSEMEITLQAAEKLAGEGRNVRVVSLPSTDIFDAQDEEYRESVLPSNVAARVAVEAGIADYWYKYVGLKGAIVGMTGYGESAPADKLFPFFGFTAENIVAKAHKVLGVKGA,0.17093624547582986,221.0,0.231990193,2697.719009581644,592.2643752388974,23778.052690552056,513.5309506399313,10.140086652802095,5518.341422533066,10259.478681686343,185.9159826500363,10.140086652802095,23778.052690552056
TKT1,xu5p__D_c,O=C(CO)[C@@H](O)[C@H](O)COP(=O)([O-])[O-],D-Xylulose 5-phosphate,D-xylulose 5-phosphate,xu5p  D,b2465,b2935 or b2465,MSRKDLANAIRALSMDAVQKANSGHPGAPMGMADIAEVLWNDFLKHNPTDPTWYDRDRFILSNGHASMLLYSLLHLTGYDLPLEELKNFRQLHSKTPGHPEIGYTPGVETTTGPLGQGLANAVGLAIAERTLAAQFNQPDHEIVDHFTYVFMGDGCLMEGISHEVCSLAGTLGLGKLIGFYDHNGISIDGETEGWFTDDTAKRFEAYHWHVIHEIDGHDPQAVKEAILEAQSVKDKPSLIICRTVIGFGSPNKAGKEEAHGAPLGEEEVALARQKLGWHHPPFEIPKEIYHAWDAREKGEKAQQSWNEKFAAYKKAHPQLAEEFTRRMSGGLPKDWEKTTQKYINELQANPAKIATRKASQNTLNAYGPMLPELLGGSADLAPSNLTIWKGSVSLKEDPAGNYIHYGVREFGMTAIANGIAHHGGFVPYTATFLMFVEYARNAARMAALMKARQIMVYTHDSIGLGEDGPTHQAVEQLASLRLTPNFSTWRPCDQVEAAVGWKLAVERHNGPTALILSRQNLAQVERTPDQVKEIARGGYVLKDSGGKPDIILIATGSEMEITLQAAEKLAGEGRNVRVVSLPSTDIFDAQDEEYRESVLPSNVAARVAVEAGIADYWYKYVGLKGAIVGMTGYGESAPADKLFPFFGFTAENIVAKAHKVLGVKGA,0.2071408708180159,221.0,0.231990193,2697.719009581644,592.2643752388974,23778.052690552056,513.5309506399313,10.140086652802095,5518.341422533066,10259.478681686343,185.9159826500363,10.140086652802095,23778.052690552056
